ICaL_IC50,ICaL_h,IK1_IC50,IK1_h,IKs_IC50,IKs_h,INa_IC50,INa_h,INaL_IC50,INaL_h,Ito_IC50,Ito_h,hERG_IC50,hERG_h
2704,0.6954,NA,NA,50490,0.6277,2371,1.984,1947,1.473,12460,2.885,53.1,1.075
2818,0.6409,NA,NA,137200,0.4536,2734,1.225,1802,1.212,12460,2.885,52.07,1.063
3939,0.718,NA,NA,26120,0.8349,3064,1.108,1921,1.421,9611,3.046,50.91,1.01
2077,0.7295,NA,NA,13220,1.184,2681,1.236,2019,1.19,5858,5.368,41.77,1.038
2568,0.704,NA,NA,41920,0.6168,2799,1.103,1897,1.36,5858,5.368,45.9,0.9555
3318,0.5962,NA,NA,67640,0.5535,2626,0.9595,1948,1.29,5480,6.169,56.11,0.9086
2394,0.611,NA,NA,81860,0.5033,2772,1.595,1948,1.353,5480,6.169,51.26,0.9721
2595,0.7116,NA,NA,30400,0.6855,2953,1.595,1645,1.308,5480,6.169,49.58,0.9419
2861,0.644,NA,NA,26600,0.6545,3384,0.9985,1742,1.457,5480,6.169,40.53,1.188
3663,0.6506,NA,NA,163100,0.3869,3181,1.08,1667,1.322,7285,4.168,52.7,1.06
2968,0.7046,NA,NA,47160,0.5676,3062,1.03,1722,1.47,7285,4.168,50.08,1.02
3534,0.4645,NA,NA,36690,0.6354,3395,1.219,1703,1.518,11320,2.935,49.79,0.9513
2612,0.7285,NA,NA,31310,0.7206,2541,1.45,1685,1.306,11300,2.81,50.65,0.9829
8969,0.2843,NA,NA,168700,0.431,3032,1.535,1874,1.343,12000,2.777,44.4,0.7867
5110,0.5567,NA,NA,33660,0.7217,2572,1.137,1961,1.351,8185,3.673,55.38,1.008
3267,0.5437,NA,NA,11380,1.025,3068,1.113,2023,1.291,7445,4.484,60.39,0.8806
1939,0.7433,NA,NA,14000,0.8804,2965,1.045,1661,1.512,7445,4.484,47.11,0.9287
2040,0.6777,NA,NA,21960,0.8032,2930,1.305,1871,1.722,7581,4.458,47.37,0.8542
3136,0.5934,NA,NA,53360,0.5889,2948,1.117,1668,1.304,713300,3.056,45.52,1.011
3117,0.674,NA,NA,17220,0.9057,2778,1.619,1757,1.497,351300,1.049,59.29,1.01
2170,0.7452,NA,NA,10130,1.117,3047,1.078,1901,1.154,18230,2.364,60.61,0.9253
2985,0.6535,NA,NA,11770,1.149,3612,0.9361,1692,1.422,12710,2.517,51.61,0.9034
3883,0.6364,NA,NA,8472,1.259,3252,1.204,1765,1.381,396300,1.289,50.18,0.8627
2659,0.7514,NA,NA,53250,0.5685,2181,1.308,1775,1.442,279100,0.941,50.61,0.966
2698,0.7444,NA,NA,22140,0.8209,3082,1.43,1830,1.244,279100,0.941,58,0.9145
2486,0.7127,NA,NA,14450,0.9529,2902,0.956,1883,1.09,6729,4.707,45.59,0.8918
3481,0.5469,NA,NA,12820,1.037,2806,1.484,1866,1.164,6729,4.707,56.39,0.8725
2818,0.6235,NA,NA,24710,0.747,2604,1.276,1678,1.483,7359,4.082,55.49,0.9797
2168,0.9843,NA,NA,14080,0.9654,2815,1.405,1837,1.285,7359,4.082,48.77,1.142
3857,0.4351,NA,NA,16920,0.9166,2858,1.304,1609,1.313,8536,3.793,53.05,1.012
3196,0.6472,NA,NA,23690,0.7794,2909,1.068,1867,1.585,7434,4.059,45.17,0.8691
7036,0.5053,NA,NA,25850,0.82,2709,1.016,1682,1.394,8913,3.36,54.71,0.7491
2808,0.6478,NA,NA,28050,0.5833,3551,0.8976,1774,1.321,16250,2.182,58.83,0.9076
2604,0.7916,NA,NA,26610,0.7995,2838,1.026,1939,1.363,16250,2.182,49.42,0.8172
2529,0.6944,NA,NA,20180,0.8618,3351,1.036,1789,1.528,8210,3.744,51.03,0.8468
2482,0.7801,NA,NA,14610,0.8649,3043,1.209,1936,1.493,8978,3.412,55.97,0.9207
4291,0.5702,NA,NA,56570,0.5392,3223,0.9651,1704,1.332,8500,3.909,41.03,0.9598
2762,0.6711,NA,NA,45010,0.6064,2871,1.016,2106,1.423,11740,3.077,57.11,0.9877
3297,0.5556,NA,NA,11190,1.104,2810,1.095,1978,1.211,13980,2.604,51.57,0.7824
1596,0.7569,NA,NA,11390,1.102,2881,1.255,1693,1.222,11380,2.89,47.5,0.8735
2349,0.7396,NA,NA,13130,0.9888,3026,1.373,1679,1.506,14530,2.333,54.16,0.7763
3074,0.6971,NA,NA,38600,0.7444,3048,1.027,1876,1.417,6886,4.122,60.71,0.9379
2728,0.6186,NA,NA,77680,0.5351,3034,1.488,1955,1.649,7879000,3.742,58.82,0.7839
4066,0.5803,NA,NA,31860,0.6914,2858,1.889,1700,1.37,1.111e+09,0.7621,56.11,0.825
3003,0.5937,NA,NA,30390,0.6393,3577,1.004,1704,1.402,371300000,5.313,50.81,0.9369
2997,0.6937,NA,NA,110600,0.5287,3137,1.001,1607,1.638,7699000,2.208,52.56,0.8624
1850,0.918,NA,NA,23820,0.6268,3155,0.9983,1943,1.352,9118,4.369,46.98,0.9446
3158,0.8072,NA,NA,50600,0.5856,2996,1.188,1883,1.338,138100000,1.115,51.18,0.8429
3219,0.5059,NA,NA,59860,0.5682,2496,1.434,1857,1.582,391600000,4.146,51.65,1.026
1982,0.9043,NA,NA,16860,1.031,2490,1.008,1870,1.309,489100000,2.012,48.86,0.9209
3529,0.7241,NA,NA,47960,0.5832,3011,1.38,1850,1.372,2.293e+09,0.5594,43.47,0.822
2834,0.5002,NA,NA,30410,0.7359,3225,1.132,1545,1.638,5727,6.444,50.82,0.9234
2914,0.5851,NA,NA,27880,0.7546,3116,1.098,1990,1.328,5727,6.444,46.69,0.7865
2875,0.5699,NA,NA,36840,0.5925,3054,0.8603,1563,1.426,4998,6.581,57.57,0.9731
3630,0.5066,NA,NA,26150,0.7062,3274,1.341,1915,1.508,5735,6.923,49.85,0.9761
2735,0.7777,NA,NA,43810,0.6473,2824,1.262,1949,1.198,5019,7.296,51.25,0.9634
3128,0.5688,NA,NA,65120,0.6118,2820,1.003,1842,1.487,5019,7.296,45.31,1
7451,0.5044,NA,NA,20840,0.7216,3887,1.133,1883,1.321,74590,1.212,47.83,0.8314
3003,0.5781,NA,NA,17710,0.8667,3244,1.137,1791,1.606,14960,2.096,60.79,0.9362
2801,0.5453,NA,NA,93420,0.4808,2806,1.67,1680,1.534,14960,2.096,55.57,1.104
2239,0.7068,NA,NA,38180,0.6719,3230,1.66,2087,1.302,12950,2.778,53.75,1.231
1750,0.7552,NA,NA,142500,0.4811,2074,1.353,1728,1.665,9581,3.521,49.7,0.7537
4432,0.6063,NA,NA,106700,0.4949,2819,1.327,1976,1.388,6173,6.351,59.17,0.9959
2840,0.5884,NA,NA,37860,0.6034,4965,0.5846,1733,1.281,2383000,9.783,57.35,0.9519
3315,0.5096,NA,NA,454300,0.3862,3169,1.039,1726,1.283,29420,1.755,58.04,0.8624
3859,0.4507,NA,NA,165800,0.491,3886,1.032,1786,1.614,29420,1.755,52.63,0.9905
3493,0.6984,NA,NA,21850,0.7859,3071,1.121,2375,1.195,18990,1.871,57.47,0.8754
2378,0.6289,NA,NA,37870,0.6464,2865,1.161,1933,1.397,38780,1.403,54.98,1.139
2902,0.7123,NA,NA,14640,0.8262,2891,1.257,1669,1.543,244400,0.8589,49.97,1.026
2330,0.6863,NA,NA,42830,0.634,2907,1.066,1839,1.598,7873,3.616,60.27,0.7429
2796,0.5982,NA,NA,38290,0.7001,3310,0.9994,1691,1.509,12990,2.913,47.31,0.9774
2772,0.5436,NA,NA,17080,0.8504,3289,1.179,1559,1.361,37430,1.381,54.74,0.9016
2234,0.9138,NA,NA,40610,0.6602,3209,0.9891,1889,1.254,123100,1.047,54.77,0.891
3379,0.5919,NA,NA,31250,0.806,3389,1.287,1852,1.014,123100,1.047,48.17,0.7577
2449,0.7015,NA,NA,54860,0.5431,2417,1.69,1601,1.334,403200,0.8757,51.53,0.9864
3285,0.6336,NA,NA,19860,0.7557,2694,1.881,1911,1.5,190000,0.9146,51.43,0.904
2459,0.7292,NA,NA,13320,0.8077,2757,1.469,2023,1.68,79050,1.205,41.16,0.9732
2759,0.8445,NA,NA,35820,0.6451,3253,1.198,1822,1.414,333700,0.786,49.63,0.8533
3194,0.5245,NA,NA,16050,0.8986,3152,1.157,1886,1.264,18680,2.89,47.08,0.9568
2602,0.7901,NA,NA,14130,0.9275,3281,0.9329,1855,1.302,18770,2.73,56.02,1.003
2559,0.6623,NA,NA,26860,0.7111,3635,0.9868,1897,1.401,13420,2.637,51.71,0.9796
2266,0.7086,NA,NA,62380,0.5819,3439,1.135,1921,1.492,17560,2.124,55.02,0.8971
2689,0.6139,NA,NA,16320,0.877,3063,1.14,1706,1.626,11020,2.946,55.43,0.9032
2708,0.6419,NA,NA,70380,0.5601,3106,1.164,1721,1.354,649200000,5.229,57.33,1.066
2500,0.7313,NA,NA,18550,0.8038,2616,1.035,1781,1.381,2.489e+09,8.176,53.32,0.9625
2844,0.6713,NA,NA,52320,0.5946,3491,1.096,1848,1.57,25880,2.418,53.53,0.9832
2191,0.8006,NA,NA,59520,0.5455,2366,1.239,1770,1.393,4441000,7.436,37.95,0.8525
2984,0.655,NA,NA,116500,0.523,3544,1.051,1756,1.496,691200,0.9028,46.62,1.006
3193,0.6024,NA,NA,180000,0.445,2913,0.9757,1785,1.626,8.043e+09,0.4565,46.22,1.089
4178,0.4357,NA,NA,111000,0.5166,2686,1.032,1773,1.319,9.475e+09,0.424,62.07,1.202
3359,0.6201,NA,NA,59770,0.558,3545,0.8239,1737,1.449,12480,3.18,56.65,0.8422
2041,0.7514,NA,NA,25120,0.8192,2889,1.386,1882,1.457,55050000,8.202,56.71,1.046
3193,0.7084,NA,NA,66250,0.5366,2568,1.422,1727,1.505,4841000,5.27,48.76,0.8583
2580,0.7346,NA,NA,46420,0.6532,2984,1.179,1741,1.562,2.032e+09,6.732,56.77,0.9545
4411,0.5449,NA,NA,49630,0.6296,3118,1.17,1700,1.174,2.239e+09,8.164,53.74,0.9601
2467,0.6747,NA,NA,20550,0.8112,2567,1.246,1702,1.715,292200000,8.418,56.45,0.7988
3121,0.662,NA,NA,49150,0.6168,2813,1.173,1668,1.367,36490000,0.3954,50.83,0.9007
2743,0.6032,NA,NA,28080,0.7604,3107,1.148,1834,1.167,36490000,0.3954,45.12,0.8039
2247,0.5871,NA,NA,15450,0.9008,3012,1.086,2011,1.484,36490000,0.3954,51.44,0.9984
2547,0.6645,NA,NA,78030,0.5272,2734,1.453,1883,1.56,4301000,3.308,45.41,0.9366
2895,0.7213,NA,NA,66890,0.5895,2737,1.63,1846,1.412,82580000,9.821,44.27,1.032
3011,0.5518,NA,NA,65830,0.5787,3087,1.093,1981,1.204,1321000,0.6037,48.93,0.9625
2610,0.7711,NA,NA,121800,0.4757,2957,1.757,1743,1.403,99140,7.542,45.39,1.054
2283,0.6943,NA,NA,99050,0.5099,2562,1.36,1859,1.123,72850000,0.7822,57.23,0.8806
2332,0.766,NA,NA,64510,0.5152,2872,1.072,2059,1.265,869300,0.6775,54.68,0.8723
1978,0.7371,NA,NA,28800,0.6693,2491,1.54,1949,1.715,2918000,0.5763,41.57,0.8454
4972,0.4482,NA,NA,18180,0.8595,3078,1.081,1582,1.602,2918000,0.5763,56.48,0.8753
2558,0.772,NA,NA,22940,0.8568,3106,1.342,1772,1.504,464700,0.7573,52.5,0.7716
3118,0.5977,NA,NA,17450,0.9368,2796,1.676,1571,1.592,469700,0.8069,51.76,0.9964
2966,0.7099,NA,NA,20580,0.9333,2485,1.083,1617,1.497,448800,9.84,60.83,0.9302
3485,0.6089,NA,NA,9015,1.143,2882,1.377,1701,1.817,468300000,8.259,53.45,0.9924
2817,0.4439,NA,NA,140700,0.424,2758,1.198,2042,1.214,215900000,7.793,59.28,0.7563
4280,0.5556,NA,NA,34140,0.7273,3168,1.212,1626,1.66,29110,2.901,50.5,0.9465
2489,0.6312,NA,NA,16990,0.8481,3329,0.842,2067,1.369,1.943e+09,8.406,50.2,0.8013
2925,0.6287,NA,NA,19920,0.9967,3479,0.8834,1650,1.498,12340000,7.215,50.21,1.014
3190,0.5784,NA,NA,24170,0.7827,3129,1.147,1963,1.309,6782000,6.707,48.36,1.103
4522,0.4993,NA,NA,523700,0.3571,3112,1.025,1674,1.364,26900000,0.8233,54.9,0.9731
3490,0.6456,NA,NA,672300,0.3192,2776,1.143,1839,1.264,50400,1.612,54.69,0.8287
2187,1.005,NA,NA,523000,0.3318,3065,1.431,1602,1.274,372300,0.7963,38.9,0.8426
4576,0.4925,NA,NA,357700,0.3976,2696,1.064,1669,1.787,372300,0.7963,40.01,1.008
3961,0.4899,NA,NA,13290,0.8864,3018,1.171,1742,1.281,372300,0.7963,57.22,0.7671
2656,0.7182,NA,NA,29010,0.7199,3123,0.8541,1765,1.387,6816,4.666,56.23,0.9626
3362,0.5775,NA,NA,67900,0.6173,2868,1.253,1900,1.225,7222,3.959,47.02,1.02
2862,0.485,NA,NA,14780,0.9619,2796,1.545,1887,1.486,129100,0.9429,50.3,1.242
3794,0.4965,NA,NA,22840,0.7242,2565,1.298,1769,1.322,70540,1.226,50.26,0.9246
3895,0.5886,NA,NA,50730,0.5499,2818,1.223,1780,1.352,20900,1.991,51.21,0.8649
2872,0.6496,NA,NA,13480,1.12,3053,0.8971,1798,1.297,16300,2.319,44.81,0.8383
2493,0.697,NA,NA,14650,0.9372,2552,1.206,1673,1.329,40180,1.643,54.76,0.8434
2296,0.7018,NA,NA,11660,1.122,3680,1.072,1740,1.399,181100,0.9404,42.6,0.9424
3274,0.624,NA,NA,24770,0.8013,3204,1.438,1812,1.145,134500,1.118,53.91,0.995
2356,0.7561,NA,NA,18120,0.8373,3022,1.475,2023,1.973,72970,1.075,57.33,0.9003
1787,0.8125,NA,NA,9522,1.339,3668,0.7902,1984,1.632,72970,1.075,52.29,0.7877
2623,0.5566,NA,NA,38890,0.6463,3035,1.351,1810,1.562,1649000,0.6466,45.07,0.8922
2984,0.7439,NA,NA,29730,0.6714,2912,1.467,1805,1.427,662500,0.6703,51.54,0.865
3450,0.5731,NA,NA,40080,0.5988,2819,1.221,1749,1.267,662500,0.6703,51.16,0.8897
2288,0.6747,NA,NA,38820,0.6589,2472,1.518,1893,1.444,1934000,0.6965,46.13,0.8632
2313,0.6444,NA,NA,12410,1.023,3338,1.057,2083,1.15,2330000,1.794,68.03,0.9341
2324,0.8473,NA,NA,20150,0.8405,3976,1.066,1913,1.402,1.656e+09,0.3488,59.2,0.9038
2663,0.8617,NA,NA,11840,0.9821,3147,0.9486,2114,1.472,1.656e+09,0.3488,56.16,0.8114
3346,0.8324,NA,NA,231100,0.4256,2609,1.203,1678,1.292,2.96e+09,0.3048,54.38,0.8135
2361,0.9844,NA,NA,121000,0.6565,2606,1.448,1887,1.413,26890000,5.172,45.43,0.8992
2367,0.8516,NA,NA,215600,0.4507,2997,1.25,1770,1.413,97490,6.917,60.77,0.9757
2704,0.5826,NA,NA,57510,0.5544,3494,0.9948,1572,1.102,92870,4.062,50.08,1.073
2622,0.5503,NA,NA,16600,0.9406,2656,1.382,1704,1.503,58950,2.152,55.26,0.7652
2588,0.6708,NA,NA,15490,0.9594,3084,1.457,1655,1.69,93110,1.246,49.32,1.046
2617,0.6413,NA,NA,25470,0.7203,3242,1.059,1929,1.152,13870,3.135,54.87,0.8634
2989,0.7125,NA,NA,35700,0.6521,2692,1.17,1802,1.227,6507,5.575,44.28,0.7408
2554,0.7049,NA,NA,25150,0.7268,3172,0.8993,1750,1.413,7668,4.34,55.98,0.8148
2631,0.6567,NA,NA,19050,0.8561,3086,1.001,1928,1.43,5939,5.694,64.94,0.8818
2470,0.5978,NA,NA,10840,1.02,2813,1.173,1762,1.511,8364,4.89,49.57,0.8426
2641,0.6867,NA,NA,17140,0.8677,3247,1.053,1687,1.213,6162,5.752,47.57,0.9444
2566,0.6723,NA,NA,25030,0.9151,2951,1.335,1825,1.377,6162,5.752,48.28,1.095
2905,0.6808,NA,NA,11990,1.05,2949,1.411,1684,1.48,6162,5.752,56.28,0.9119
5047,0.4887,NA,NA,28100,0.6561,2915,0.8525,1719,1.646,4331,9.435,53.4,0.9903
2530,0.6193,NA,NA,16400,0.8992,2859,1.18,2069,1.289,4331,9.435,52.46,0.9566
2238,0.5668,NA,NA,138800,0.4409,2983,0.8447,1818,1.627,4822,8.685,49.92,0.9399
3099,0.8033,NA,NA,80720,0.5336,2630,1.283,1830,1.408,4930,9.438,46.36,1.045
2567,0.7328,NA,NA,107000,0.4849,3126,0.9322,1932,1.475,4930,9.438,54.34,1.094
3164,0.583,NA,NA,29760,0.7512,2630,1.48,1877,1.651,4619,8.645,50.93,0.816
2832,0.6681,NA,NA,38550,0.7087,3020,1.212,1784,1.614,4914,7.52,58.32,0.8715
2439,0.6813,NA,NA,23950,0.7545,3987,0.8368,1833,1.569,4914,7.52,49.75,0.9102
2892,0.6141,NA,NA,42820,0.618,3419,1.087,1821,1.317,5083,7.033,53.88,0.8865
3133,0.5366,NA,NA,23560,0.7771,3000,1.17,1697,1.481,75050,7.509,44.84,0.8991
2159,0.8914,NA,NA,22430,0.7865,2676,1.246,1810,1.459,40200000,2.093,55.11,0.9225
3125,0.5112,NA,NA,23400,0.7915,2924,1.565,1837,1.433,1.239e+09,7.357,52.7,1.037
4642,0.5584,NA,NA,72680,0.5836,2462,1.479,1903,1.353,7.493e+09,6.595,51.99,0.9239
3499,0.704,NA,NA,54990,0.5838,2824,1.185,2054,1.828,56730,8.365,54.65,0.9331
4111,0.5232,NA,NA,36910,0.588,3189,1.048,1841,1.67,23690000,6.511,50.86,1.122
2965,0.6695,NA,NA,27210,0.7056,3216,1.049,1974,1.696,84210000,5.732,50.66,0.839
3317,0.5964,NA,NA,13070,0.9238,3157,1.004,1809,1.443,416800000,9.951,52.53,0.851
3289,0.7458,NA,NA,12400,1.19,2666,1.852,1906,1.242,790300,8.714,56.68,0.8539
3081,0.6634,NA,NA,16360,0.9673,2727,1.083,1736,1.512,683200,1.929,55.73,0.8954
4387,0.4672,NA,NA,39420,0.6219,3165,0.9488,1773,1.286,5.185e+09,4.444,58.52,0.9337
3604,0.5021,NA,NA,28850,0.715,2712,1.232,1990,1.305,8897000,1.706,63.78,0.9551
2784,0.5383,NA,NA,18400,0.8468,2970,1.292,2000,1.375,3.092e+09,5.118,49.05,0.934
2078,0.6866,NA,NA,49170,0.6562,3087,1.283,1704,1.305,1036000,8.256,50.38,0.7994
2408,0.7307,NA,NA,88950,0.5208,3027,1.079,1711,1.532,26450,6.193,51.29,0.8974
2624,0.7967,NA,NA,78720,0.5626,2873,1.254,1907,1.471,955900,1.211,48.62,0.937
2785,0.6613,NA,NA,44510,0.6361,2822,1.355,1808,1.404,7500,5.103,54.26,0.9715
2976,0.591,NA,NA,22720,0.8001,2754,1.586,1841,1.452,20670000,5.138,47.92,0.9183
2661,0.65,NA,NA,20440,0.7284,2823,0.9311,1692,1.328,9.967e+09,8.502,59.08,0.8182
2707,0.7982,NA,NA,30620,0.7157,2790,1.412,2138,1.718,18870000,5.289,58.03,0.8578
3202,0.457,NA,NA,91760,0.5978,2755,1.617,1871,1.782,34730000,0.4024,53.24,0.9317
2477,0.6764,NA,NA,21280,0.7495,2904,1.038,1817,1.644,5492,9.179,46.79,1.138
3073,0.6475,NA,NA,30200,0.6566,2432,1.403,1732,1.573,5191,9.276,56.55,0.7938
2465,0.6371,NA,NA,113600,0.503,2725,1.125,1894,1.511,5191,9.276,44.1,0.8381
1809,0.9298,NA,NA,24290,0.8576,2782,1.041,1533,1.412,4581,9.38,52.91,0.9548
2401,0.7,NA,NA,66560,0.5453,2575,1.37,1651,1.563,4255,9.951,55.87,0.8704
2639,0.8996,NA,NA,34430,0.8059,2663,1.38,1472,1.307,4620,8.811,47.63,0.9436
3580,0.5664,NA,NA,10290,1.153,2815,1.216,1673,1.755,4711,9.469,48.54,0.9957
4214,0.5179,NA,NA,695300,0.3823,2986,1.064,1848,1.579,4560,8.788,46.99,0.7464
2763,0.7378,NA,NA,24510,0.7654,3200,0.9474,1732,1.386,4766,9.157,42.77,1.016
2632,0.6551,NA,NA,28460,0.6608,2658,0.9173,1827,1.318,4624,8.302,40.52,0.8405
2354,0.6458,NA,NA,29840,0.8963,2804,1.209,1647,1.598,4624,8.302,51.59,0.968
3453,0.4506,NA,NA,31250,0.6946,3002,1.395,1651,1.577,452000,3.467,43.87,1.087
2410,0.6119,NA,NA,68190,0.5527,3572,0.8656,1735,1.351,57440000,5.851,41.64,0.9959
2448,0.886,NA,NA,39050,0.6539,3159,1.231,1756,1.445,6270000,6.207,45.8,0.9722
2448,0.7164,NA,NA,42190,0.5943,2935,1.583,1591,1.894,4087000,5.598,47.03,1.039
4125,0.4835,NA,NA,25190,0.7862,2606,1.164,1693,1.589,215400000,3.18,49.21,0.8731
4341,0.5862,NA,NA,56710,0.6035,2454,1.319,1889,1.307,396500,2.493,51.39,0.8493
3436,0.6334,NA,NA,40420,0.6165,2429,0.9985,1865,1.474,65370,1.339,59.03,1.225
2020,0.9872,NA,NA,20120,0.7464,3121,1.111,1955,1.511,65370,1.339,51.69,0.7967
2492,0.9214,NA,NA,31260,0.7399,3209,0.9447,1860,1.598,52830,1.245,57.84,0.9457
2675,0.5241,NA,NA,721200,0.3442,3014,0.9568,1656,1.395,45030,1.318,48.62,0.8391
3941,0.524,NA,NA,27840,0.7358,3113,1.182,1730,1.351,162500,1.229,49.35,1.03
2064,0.919,NA,NA,32280,0.6317,3713,0.8736,1823,1.323,26490,1.639,51.52,0.9809
3495,0.5199,NA,NA,18420,0.791,3384,1.249,1822,1.33,14880,2.066,47.97,0.96
2862,0.5226,NA,NA,16210,0.8536,3851,0.9356,1785,1.361,26700,1.559,58.22,1.149
3190,0.7867,NA,NA,24240,0.7318,3392,1.509,1746,1.533,14580,2.933,56.07,0.9467
2902,0.6903,NA,NA,29180,0.5965,2799,1.216,1631,1.171,8003,4.35,52.96,1.206
2199,0.6626,NA,NA,17150,0.7812,3487,0.8433,1853,1.23,4306,9.957,45.53,0.8765
3545,0.9181,NA,NA,17030,0.9424,3088,0.9689,1954,1.522,4306,9.957,57.84,0.9585
2593,0.8659,NA,NA,21570,0.8261,2771,1.182,1888,1.381,4306,9.957,55.62,1.102
2971,0.6902,NA,NA,20870,0.8402,3205,1.071,1895,1.259,4306,9.957,62.77,0.9304
3568,0.492,NA,NA,28600,0.6264,3405,1.101,1864,1.241,6979,4.374,54.04,0.9691
2568,0.7415,NA,NA,62210,0.5698,2658,1.775,1690,1.438,7314,3.994,49.15,0.8671
1975,0.8301,NA,NA,25190,0.743,3393,0.9786,1708,1.413,187200,3.749,37.31,0.7699
3286,0.6147,NA,NA,22710,0.8297,2598,1.163,1713,1.347,18330,2.091,58.11,0.8263
2115,0.7265,NA,NA,21060,0.9322,2526,1.451,2060,1.169,18330,2.091,54.02,0.951
7612,0.4332,NA,NA,39890,0.712,2436,1.418,1774,1.221,11410,2.544,39.36,0.8248
5690,0.4194,NA,NA,59810,0.6053,2960,1.65,2328,1.391,13220,2.504,53.07,0.8675
2643,0.799,NA,NA,26380,0.778,2693,1.38,1646,2.125,21910,1.879,48.59,1.06
2691,0.718,NA,NA,34160,0.6779,3885,1.159,1861,2,8892,3.902,61.29,0.8931
3582,0.562,NA,NA,31550,0.7546,2474,1.048,1704,1.807,8892,3.902,51.22,0.971
3218,0.6555,NA,NA,61960,0.4967,3047,1.048,1836,1.622,16040,2.243,47.84,0.8834
2342,0.6888,NA,NA,20480,0.8539,2384,0.9622,1888,1.338,694500,2.823,46.73,1.032
3527,0.5369,NA,NA,28510,0.7092,2929,1.076,1775,1.2,655900000,6.773,52.24,1.081
2169,1.138,NA,NA,12860,1.065,2877,1.238,1694,1.342,6338,4.546,56.89,0.8924
2683,0.5596,NA,NA,24890,0.8331,2783,1.497,1908,1.42,77840,8.818,49.13,0.726
3256,0.6243,NA,NA,10950,1.201,2878,1.355,2108,1.443,9.418e+09,2.613,48.89,0.9079
2691,0.7576,NA,NA,46940,0.6352,2987,1.155,1775,1.5,414700000,6.927,47.4,0.9665
2230,0.6739,NA,NA,23330,0.8637,4029,0.8262,1795,1.344,3999000,0.9841,57.98,0.8692
2583,0.6493,NA,NA,230400,0.4146,2690,1.091,1767,1.443,1.377e+09,2.548,51.34,0.8971
2175,0.7862,NA,NA,40650,0.6165,3019,1.284,1458,1.676,2.419e+09,0.2867,52.95,0.9223
2703,0.6792,NA,NA,49940,0.6206,2961,1.307,1530,1.588,408200000,0.3673,47.28,0.9533
3882,0.6621,NA,NA,443100,0.3426,2885,1.147,1917,1.655,242100000,0.3738,56.38,0.7539
2894,0.8104,NA,NA,83070,0.4903,3373,1.372,1858,1.587,242100000,0.3738,42.07,0.8751
5651,0.3328,NA,NA,26670,0.7329,2898,1.25,2118,1.139,242100000,0.3738,55.97,0.9458
3137,0.5775,NA,NA,31490,0.6957,2851,1.012,1692,1.387,533600,3.334,50.67,0.9203
3253,0.8084,NA,NA,23050,0.768,3324,0.8942,1987,1.327,20190,2.817,47.68,0.7578
3591,0.5074,NA,NA,33230,0.7054,3783,0.8279,1637,1.337,36800,1.453,57.49,1.016
1878,0.7037,NA,NA,25010,0.7658,2735,1.215,1842,1.549,6388,4.529,45.35,0.9073
2497,0.6438,NA,NA,48730,0.6796,3329,1.145,1936,1.189,6861,5.611,52.65,0.9941
2459,0.6604,NA,NA,24340,0.6902,3162,1.22,1753,1.636,6861,5.611,45.55,0.7146
3216,0.5556,NA,NA,18100,0.7922,2841,1.182,1990,1.509,5269,7.202,58.47,0.9804
3100,0.6474,NA,NA,45050,0.5643,2966,1.041,2041,1.279,5269,7.202,56.33,0.9281
3343,0.5756,NA,NA,39270,0.6913,3472,1.437,1710,1.665,5454,6.375,51.68,0.9647
2437,0.5913,NA,NA,9339,1.24,3234,0.8573,1730,1.356,5073,6.923,44.28,0.8777
2753,0.6024,NA,NA,13480,1.11,2998,1.243,1862,1.485,5073,6.923,48.31,1.075
7661,0.6571,NA,NA,26210,0.6383,2472,1.514,1844,1.493,26870,3.638,45.99,1.129
3435,0.4885,NA,NA,18880,0.8012,3714,0.8007,1702,1.481,79050,2.181,54.97,0.9596
3514,0.6514,NA,NA,27250,0.6489,2689,1.421,1743,1.541,4468,8.767,57.02,0.9615
3386,0.6593,NA,NA,8477,1.001,2708,1.077,2005,1.323,24950,8.601,62.5,0.9217
3116,0.5692,NA,NA,19820,0.8801,2856,1.136,2065,1.264,297500,9.958,47.49,0.8814
2853,0.8435,NA,NA,37950,0.6886,3153,1.336,1558,1.182,32300000,9.7,50.32,0.892
3580,0.5928,NA,NA,24960,0.7405,2809,1.012,1806,1.405,5.881e+09,4.777,53.39,1.115
3536,0.7915,NA,NA,14480,0.918,2887,1.092,1680,1.38,51380000,7.028,44.84,1.018
3439,0.5714,NA,NA,14670,1.192,2942,1.514,1978,1.303,816500,4.222,56.98,0.9754
2313,0.8322,NA,NA,26440,0.7978,2661,1.518,1850,1.281,47810000,2.348,57.11,0.8653
2270,0.8179,NA,NA,20480,0.6834,2674,1.846,1720,1.285,2692000,8.953,46.08,0.9152
2182,0.8014,NA,NA,17680,0.9546,3265,1.379,1827,1.301,2.351e+09,2.748,44.26,1.038
3092,0.6793,NA,NA,105200,0.5089,3407,0.9484,1875,1.321,5.357e+09,3.841,50.55,0.7938
3338,0.6133,NA,NA,30820,0.629,3203,1.446,1698,1.275,20610000,0.8829,45.79,0.8782
2885,0.576,NA,NA,55580,0.6303,2906,1.451,1662,1.533,7941,4.243,48.47,0.9404
2806,0.6821,NA,NA,15070,0.8895,3129,1.545,1704,1.396,8037,4.055,58.35,0.9253
2164,0.6703,NA,NA,17270,0.8185,2473,1.14,1938,1.281,7905,3.347,48.9,0.9523
2209,0.6904,NA,NA,14040,1.007,3025,0.8405,1978,1.247,17740,2.584,49.46,0.8826
2356,0.6668,NA,NA,56370,0.5716,3278,1.016,1849,1.393,1.452e+09,2.304,50.12,0.8452
3877,0.5369,NA,NA,22400,0.7379,2931,1.09,1789,1.683,4546000,9.506,50.91,0.8863
3530,0.5683,NA,NA,18490,0.8059,3097,1.117,1828,1.415,3263000,8.219,50.86,0.9397
2239,0.8028,NA,NA,17460,0.8736,3340,1.547,2002,1.423,4419,9.262,50.92,0.8876
3424,0.6119,NA,NA,20190,0.8288,2460,1.164,1863,1.353,4419,9.262,41.73,0.9769
2122,0.8887,NA,NA,42710,0.6165,2962,1.385,1906,1.287,4887,8.247,48.66,0.8235
2474,0.6582,NA,NA,32040,0.6314,2975,1.198,1855,1.17,4733,8.404,50.79,0.9953
3217,0.5946,NA,NA,17020,0.8992,3167,1.017,2122,1.666,4733,8.404,58.28,0.868
3166,0.6601,NA,NA,33490,0.6635,3057,1.027,1779,1.31,4619,8,54.08,0.9749
2760,0.904,NA,NA,26860,0.7675,3019,1.295,1898,1.255,4619,8,54.44,0.9629
2870,0.8516,NA,NA,22170,0.7632,3083,0.9802,1853,1.662,5162,8.086,51.57,1.006
2953,0.6065,NA,NA,17960,0.9358,2465,1.364,2012,1.438,5162,8.086,51.81,0.9336
5035,0.519,NA,NA,56350,0.5649,3184,1.279,2005,1.754,5162,8.086,53.8,0.9433
2452,0.716,NA,NA,56310,0.6126,2914,1.207,1623,1.382,4965,7.916,44.31,0.9872
1979,0.5443,NA,NA,52990,0.5541,3473,0.9765,1817,1.446,834400,9.593,49.6,0.9978
2200,0.711,NA,NA,22400,0.7761,3209,1.074,1625,1.513,525400,7.724,47.01,1.054
4848,0.7376,NA,NA,22810,0.8413,3030,1.089,1752,1.465,2.094e+09,7.472,52.57,0.7575
4056,0.6243,NA,NA,12280,0.9658,3045,1.078,1682,1.608,17880,2.074,45.54,0.9706
3613,0.667,NA,NA,17800,0.8259,2745,1.338,1695,1.168,27150,1.572,48.47,0.9272
3291,0.6258,NA,NA,17510,0.8299,2782,1.165,1838,1.177,85960,1.542,52.26,1.005
3721,0.5505,NA,NA,34540,0.6602,3949,0.9319,1583,1.54,286000,0.8673,41.94,0.8508
4292,0.3785,NA,NA,15800,0.7969,2812,1.239,1879,1.401,19570,2.801,57.03,0.8855
2582,0.5832,NA,NA,44290,0.5529,4425,0.7538,1796,1.321,10070,3.288,51.24,1.103
2430,0.897,NA,NA,81140,0.5223,2707,1.273,1901,1.275,4412,8.349,65.24,0.8975
2875,0.9476,NA,NA,20920,0.814,3038,0.9868,1848,1.302,4591,8.043,44.95,1.018
2315,0.7276,NA,NA,57560,0.5931,2580,1.3,1807,1.477,4591,8.043,50.34,0.9262
3235,0.5928,NA,NA,31160,0.6689,2898,1.232,1759,1.474,21570,2.08,48.28,0.8898
3238,0.6505,NA,NA,87080,0.5304,3505,1.102,2021,1.488,6163,7.227,52.37,0.9499
2257,0.6855,NA,NA,32560,0.6945,3105,1.148,1818,1.368,6163,7.227,50.69,1.201
3067,0.7285,NA,NA,87160,0.5422,2870,1.105,1701,1.514,17020,7.321,45.15,1.27
2144,0.8648,NA,NA,130400,0.5506,2887,0.9792,1971,1.393,5880,9.189,53.85,0.9527
1850,0.9458,NA,NA,1168000,0.3263,3342,1.181,1888,2.081,7591,4.07,51.47,0.9001
2478,0.864,NA,NA,1905000,0.3386,2605,1.641,1897,1.671,7591,4.07,48.49,0.861
4938,0.421,NA,NA,7656000,0.2636,3570,0.9656,1776,1.349,56840,1.28,57.42,0.9971
2120,1.179,NA,NA,4317000,0.3115,3060,1.3,1640,1.474,1145000,0.6839,48.66,0.9387
7765,0.3624,NA,NA,1823000,0.3312,3037,1.063,1849,1.423,1613000,0.8264,55.3,0.9247
5705,0.351,NA,NA,1641000,0.3076,2573,1.21,1741,1.853,336600,0.7296,42.54,0.9149
2989,0.6282,NA,NA,218900,0.4548,2714,1.287,1895,1.383,1367000,0.6143,48.89,0.9358
2197,0.6593,NA,NA,15970,0.8625,2589,1.616,1777,1.509,1367000,0.6143,49.66,0.8965
3523,0.565,NA,NA,79630,0.6396,3066,1.258,1747,1.374,2232000,0.5953,51.29,0.8741
3578,0.6999,NA,NA,20480,0.8124,3158,1.093,1686,1.145,4985000,0.5783,55.99,0.9974
3420,0.5513,NA,NA,21470,0.7818,3013,1.063,1727,1.511,316800,2.053,64.95,1.048
3095,0.5802,NA,NA,46300,0.5945,2824,1.087,1709,1.429,72140,1.307,64.37,0.8619
3280,0.645,NA,NA,24530,0.7564,2733,1.174,1922,1.46,49850,1.237,48.3,0.9759
4305,0.5545,NA,NA,30330,0.6398,2719,1.207,2054,1.408,70830,1.478,53.18,0.9225
3709,0.6418,NA,NA,17050,0.8662,2709,1.401,1808,1.384,5133000,0.539,38.15,0.8654
2411,0.6744,NA,NA,63110,0.5767,2999,1.075,1983,1.621,5133000,0.539,59.1,0.9729
3046,0.7419,NA,NA,32930,0.7014,3896,1.083,1757,1.14,10980000,0.5467,47.92,0.9827
3458,0.579,NA,NA,14450,0.9596,2567,1.079,1740,1.279,144600000,6.806,53.87,0.9748
2009,0.8656,NA,NA,67800,0.5,3575,0.8208,1781,1.603,4.709e+09,0.6506,41.86,1.038
2500,0.6387,NA,NA,17540,0.8616,2889,0.7975,1729,1.508,650700,9.873,45.32,0.978
2383,0.877,NA,NA,13870,0.9429,2520,0.9885,2008,1.534,19870,1.99,45.01,1.018
2563,0.403,NA,NA,15710,0.9321,3444,1.009,1783,1.292,34210,1.823,46.15,1.068
6328,0.4096,NA,NA,37270,0.7562,2705,1.191,1673,1.858,34210,1.823,66.2,1.057
2177,0.6815,NA,NA,49010,0.5354,2785,1.262,1997,1.304,16510,2,68.81,0.9566
2340,0.7626,NA,NA,35150,0.5486,2419,1.174,1670,1.388,4605,9.71,59.49,0.8956
2797,0.6204,NA,NA,30810,0.6964,2952,1.055,1692,1.218,4283,9.324,50.09,1.011
3169,0.7793,NA,NA,96000,0.5073,3544,0.9309,1850,1.41,4698,9.221,54.22,0.8063
2996,0.554,NA,NA,70210,0.5364,3329,1.22,2029,1.313,4976,9.589,51.64,0.8185
4295,0.5835,NA,NA,91980,0.4982,3229,1.25,1669,1.251,4976,9.589,48.14,0.9577
2927,0.7088,NA,NA,11740,1.086,2890,1.588,2073,1.238,138700000,0.4773,48.18,1.308
2487,0.7698,NA,NA,27180,0.7729,3468,1.031,1643,1.454,7162000,0.8068,48.59,0.8767
2685,0.7045,NA,NA,63560,0.5339,4783,0.66,1663,1.511,39980,1.439,43.58,0.9121
2278,0.8134,NA,NA,65650,0.5599,3720,0.9379,1795,1.241,39980,1.439,54.11,0.857
1850,0.7029,NA,NA,23740,0.7202,2774,0.8117,1789,1.373,194300,0.9283,53.22,0.7946
3793,0.4958,NA,NA,32670,0.6583,2816,1.16,1866,1.259,7800000,0.4938,60.71,0.8356
3876,0.5974,NA,NA,22360,0.7996,3063,1.016,1665,1.21,137800,1.104,57.43,1.061
3173,0.7338,NA,NA,23790,0.7781,4082,1.009,1832,1.078,36540,1.432,57.95,0.9691
2426,0.6369,NA,NA,57430,0.5775,3449,1.106,2001,1.188,8746,3.175,52.85,1.03
2651,0.62,NA,NA,81960,0.5669,2933,1.358,1943,1.641,25070,1.775,53.3,0.9785
4829,0.4488,NA,NA,26720,0.7817,3020,1.385,1955,1.494,13430,2.55,48.74,0.8302
2749,0.8694,NA,NA,21250,0.8885,3735,0.9956,1910,1.232,18140,2.027,53.09,1.063
2139,0.6773,NA,NA,22730,0.7699,2737,1.501,1743,1.69,18140,2.027,48.4,0.9277
4485,0.4455,NA,NA,11540,0.9722,3455,1.095,1872,1.366,11870,3.154,44.78,0.8354
2187,0.7712,NA,NA,29080,0.7641,4462,0.7849,1824,1.448,20810,2.033,53.27,0.9084
2050,0.7296,NA,NA,201400,0.3996,2563,1.196,1964,1.673,8901,3.675,57.6,0.9354
3116,0.5958,NA,NA,35280,0.7027,3025,1.156,1809,1.24,8901,3.675,52.5,0.8868
2457,0.5773,NA,NA,28210,0.7007,3820,0.9058,1822,1.468,13050,3.673,41.95,0.9319
3362,0.6872,NA,NA,26660,0.7026,3474,1.085,1499,1.485,20560,1.878,55.71,0.816
2250,0.603,NA,NA,48490,0.6174,3381,0.9356,1807,1.403,80820,1.779,57.17,0.8934
3841,0.5896,NA,NA,59300,0.5765,2869,1.049,1759,1.253,1.455e+09,4.593,49.19,0.9827
4696,0.5219,NA,NA,23780,0.7716,3242,1.19,1646,1.261,3572000,7.65,47.39,0.8257
2067,0.6656,NA,NA,20080,0.8523,3511,0.9538,1953,1.138,44280000,1.098,50.92,1.017
5007,0.8381,NA,NA,39870,0.6611,3201,1.006,1701,1.808,3.677e+09,5.02,46.29,0.9139
2187,0.6937,NA,NA,24600,0.6602,3003,0.8854,1923,1.403,1022000,4.901,50.96,0.8621
2335,0.7112,NA,NA,33450,0.6161,2764,1.499,1859,1.218,1652000,6.487,48.75,0.8971
2163,0.707,NA,NA,12070,1.156,2815,1.416,1819,1.378,992200000,1.801,49.35,1.17
2530,0.69,NA,NA,10520,1.195,3509,0.9341,1567,1.867,82340000,5.465,53.52,0.9093
3206,0.6755,NA,NA,94820,0.5472,3056,1.18,1590,1.964,29930,9.733,52.16,0.8527
2535,0.5421,NA,NA,74600,0.5846,2957,1.246,1712,1.608,7332000,9.226,43.9,1.007
2978,0.9223,NA,NA,20200,0.9695,3660,0.8778,1838,1.294,8147,3.814,44.98,0.8503
2868,0.7856,NA,NA,64680,0.5806,3721,1.18,1939,1.46,7636,4.614,48.14,0.8948
3192,0.6543,NA,NA,23350,0.8025,3355,1.077,1934,1.574,8745,3.59,45.94,0.9721
2867,0.685,NA,NA,27120,0.7795,3079,1.16,1678,1.472,8245,3.96,56.48,0.8869
3320,0.5369,NA,NA,36810,0.6525,3390,1.299,1934,1.326,4761,7.696,52.69,0.9931
2732,0.6476,NA,NA,24920,0.776,3028,0.9379,1855,1.799,4761,7.696,48.91,1.01
2616,0.6486,NA,NA,76180,0.5718,2821,1.06,2118,1.032,4761,7.696,54.74,0.8906
2718,0.5991,NA,NA,28470,0.6658,3382,0.9588,1980,1.458,4761,7.696,48.3,0.7607
2615,0.6186,NA,NA,27840,0.6779,2835,1.235,1696,1.347,5488,6.778,58.32,0.791
1879,0.7081,NA,NA,31990,0.6559,2329,1.142,1703,1.576,5488,6.778,53.78,0.909
4087,0.5401,NA,NA,17450,0.8313,2864,1.153,1727,1.38,6607,6.938,50.52,0.743
4073,0.5735,NA,NA,17290,0.819,2749,1.319,1982,1.264,186400,2.868,47.29,0.9486
2575,1.116,NA,NA,10900,1.116,2995,1.118,2114,1.109,8947,3.13,48.82,0.9978
2648,0.8867,NA,NA,30900,0.7992,3153,1.47,1848,1.356,409600,8.82,44.79,0.7824
3483,0.6137,NA,NA,37600,0.6471,2822,1.394,1983,1.258,12290000,0.5589,56.6,1.039
2708,0.7214,NA,NA,19330,0.8588,2970,0.8083,2025,1.362,1.73e+09,0.336,54.93,0.9957
3829,0.5149,NA,NA,16850,0.7772,3329,0.9548,1624,1.414,371100,2.993,50.29,1.012
2202,0.7462,NA,NA,27660,0.6884,3037,0.9249,1588,1.366,32220000,3.706,52.88,0.9815
2319,0.7128,NA,NA,30440,0.6934,2858,1.64,1965,1.82,205900,1.192,48.63,0.9971
2706,0.8865,NA,NA,17910,0.9145,2597,1.537,1521,1.376,4770,7.432,49.08,1.012
3735,0.5752,NA,NA,20390,0.8471,3354,1.745,1920,1.514,294100,6.274,57.24,0.8881
2469,0.6427,NA,NA,16520,0.8725,2773,2.456,1792,1.716,24820000,4.603,48.04,1.253
2253,0.6893,NA,NA,25140,0.7268,2435,1.929,1890,1.231,59170000,0.5948,68.53,0.9217
3399,0.6228,NA,NA,32930,0.6809,3083,1.216,1885,1.489,105600000,5.294,56.14,0.8673
3264,0.6811,NA,NA,40260,0.6255,2615,1.354,1991,1.469,23910000,5.435,54.84,0.8666
2416,0.6595,NA,NA,15600,0.9956,3418,1.383,1763,2.049,42880,1.683,68.85,0.993
2741,0.603,NA,NA,108300,0.5323,3214,1.295,1828,1.211,152900,1.104,55.61,0.8627
2991,0.7088,NA,NA,31770,0.7038,2584,1.094,1701,1.217,152900,1.104,42.47,0.7418
2167,0.8487,NA,NA,63350,0.5647,2739,1.262,1651,1.643,345500,0.8487,57.7,0.8664
2876,0.7927,NA,NA,22350,0.6939,2932,1.355,1900,1.637,586000,0.7228,48.92,0.7785
3389,0.5648,NA,NA,55830,0.5857,2734,1.033,1721,1.483,210900,0.9519,38.95,0.9536
4972,0.5482,NA,NA,97100,0.5423,2632,1.137,1668,1.511,122400,1.046,42.36,0.9667
2426,0.668,NA,NA,109900,0.5392,3073,1.094,1850,1.229,190600,1.04,48.76,0.9912
2843,0.892,NA,NA,103400,0.5068,2915,1.079,1858,1.077,91320,1.008,43.02,1.038
2615,0.7,NA,NA,93190,0.5128,3364,1.061,1884,1.368,55970,1.332,54.13,0.9226
2556,0.6125,NA,NA,13630,0.9252,3066,1.175,1652,1.412,55970,1.332,53.15,0.9713
2600,0.6394,NA,NA,51780,0.5824,2629,1.494,1960,1.599,72600,1.331,51.45,0.9592
3294,0.6266,NA,NA,328000,0.4068,3409,1.233,1924,1.344,49880,2.627,47.81,0.9063
2653,0.7362,NA,NA,607700,0.3919,3313,1.447,1980,1.436,22700000,6.914,59.74,0.9571
2784,0.7287,NA,NA,360600,0.4294,2700,1.458,1874,1.161,2.025e+09,4.057,48.13,0.9642
2526,0.7453,NA,NA,212200,0.4518,2925,0.9467,1797,1.612,25780,1.805,53.73,0.8715
2863,0.8334,NA,NA,118300,0.5387,3124,1.639,1887,1.133,17260,3.005,55.66,1.087
2279,1.181,NA,NA,39580,0.6679,2721,1.253,2039,1.484,344400000,5.834,48.83,1.043
2896,0.9858,NA,NA,44920,0.5937,3021,0.9804,1790,1.393,638800000,2.566,46.37,0.8432
2712,0.6718,NA,NA,43120,0.5501,2892,1.2,1969,1.149,3.46e+08,2.41,55.72,0.9127
3396,0.59,NA,NA,19740,0.9007,2728,1.48,1653,1.773,81400000,0.4217,51.74,0.9353
4687,0.4676,NA,NA,24250,0.7923,2858,1.204,1536,1.153,81400000,0.4217,52.68,0.8459
2805,0.7069,NA,NA,40640,0.6446,2594,1.271,1815,1.564,172200,2.985,54.37,0.9794
3667,0.5845,NA,NA,27640,0.6684,3049,1.399,2124,1.654,149800000,9.298,47.69,0.8988
2223,0.7001,NA,NA,22710,0.7288,3116,0.8484,1630,1.575,3984000,9.046,54.42,0.9217
2673,0.7729,NA,NA,39090,0.5641,3684,0.9223,1883,1.437,92880000,0.4151,54.44,0.9704
4703,0.4437,NA,NA,36620,0.6614,3040,1.371,2038,1.273,92880000,0.4151,58.48,0.914
2801,0.6709,NA,NA,9372,1.234,3291,1.052,1895,1.681,92880000,0.4151,42,0.9992
3455,0.6152,NA,NA,122400,0.498,2868,1.111,1801,1.474,5542000,0.7172,63.19,0.79
3912,0.4607,NA,NA,38570,0.6723,3455,1.176,1608,1.499,1497000,0.7774,52.11,0.9687
1904,0.7232,NA,NA,35160,0.7424,3064,1.288,2012,1.07,42460,1.517,54.77,1.02
2282,0.8291,NA,NA,114700,0.4622,3154,1.249,1905,1.365,42630,1.504,48.28,1.047
2381,0.527,NA,NA,67570,0.5968,2639,1.17,1911,1.352,63740,1.233,55.47,0.9467
2603,0.5573,NA,NA,34460,0.7467,3950,1.037,1886,1.38,644000,0.7074,46.12,1.121
2747,0.6437,NA,NA,10690,1.015,2447,1.273,1641,1.644,75480,1.359,52.77,0.9904
4149,0.5754,NA,NA,25220,0.8719,2864,1.558,1866,1.498,514300,1.746,41.02,0.9644
3233,0.6195,NA,NA,38600,0.8092,2839,1.398,1735,1.636,94320,6.39,54.85,0.9965
2937,0.6801,NA,NA,49470,0.7072,3437,1.078,1822,1.292,1.806e+09,3.385,59.04,0.8926
2796,0.6849,NA,NA,24940,0.7247,2621,1.674,1949,1.368,2078000,4.833,51.06,0.8296
5283,0.4685,NA,NA,18600,0.9069,3007,1.391,1976,1.523,31960000,0.4621,54.48,1.013
2458,0.5984,NA,NA,51850,0.6307,2497,1.135,1844,1.295,31960000,0.4621,59.58,0.8417
2720,0.7261,NA,NA,73560,0.516,2912,1.185,1723,1.669,117300,0.9681,45.22,0.8048
2551,0.6738,NA,NA,28500,0.7707,3429,1.223,1972,1.091,56050,1.44,48.45,0.9657
3818,0.726,NA,NA,80220,0.4802,3085,1.546,2138,1.047,161000,0.9126,52.58,1.017
3369,0.5884,NA,NA,24740,0.8362,2860,1.315,1811,1.379,21540,2.293,50.93,1.048
3052,0.6169,NA,NA,48560,0.6023,2568,1.308,1916,1.38,35690,1.315,53.04,1.05
2690,1.014,NA,NA,113400,0.5011,3260,1.072,1855,1.281,7510,7.686,55.08,0.9494
2190,0.7628,NA,NA,91420,0.5166,4045,1.01,1698,1.513,4404,9.665,47.21,0.819
2683,0.5637,NA,NA,14420,0.9382,4742,1.01,1778,1.635,4404,9.665,49.14,0.9687
2083,0.6851,NA,NA,55740,0.5685,2941,1.944,1729,1.414,4404,9.665,53.7,0.8758
2263,0.4329,NA,NA,84310,0.586,2420,1.584,1744,1.353,4720,7.894,62.68,1.023
1840,0.7637,NA,NA,31000,0.6771,2812,1.359,1835,1.504,5088,6.504,48.59,1.046
2762,0.6175,NA,NA,198200,0.4525,3383,1.419,1727,1.428,5088,6.504,48.16,0.9884
2397,0.6318,NA,NA,29410,0.7762,3359,0.8789,1715,1.513,5409,6.317,48.87,0.8626
4345,0.5153,NA,NA,41730,0.6292,3861,0.8976,1705,1.424,5409,6.317,47.54,1.035
2653,0.506,NA,NA,140100,0.4353,2602,1.199,1872,1.353,5409,6.317,54.95,0.8512
3813,0.568,NA,NA,26540,0.6929,2973,1.071,1857,1.282,7526,4.169,51.08,0.8661
5254,0.5268,NA,NA,57890,0.6522,2934,1.148,1837,1.204,4436,8.832,50.92,0.9492
2417,0.8072,NA,NA,453800,0.3899,3818,0.8029,1718,1.498,4535,7.97,47.56,0.8914
2876,0.6795,NA,NA,42580,0.5995,3217,1.063,1948,1.305,4535,7.97,52.74,0.8541
1853,0.6446,NA,NA,59510,0.5342,2698,1.589,1424,1.119,5102,8.412,59.83,0.9454
2334,0.6054,NA,NA,96900,0.5291,3088,1.124,1956,1.346,5102,8.412,68.62,0.9025
2137,0.8525,NA,NA,23570,0.7702,2792,1.063,2027,1.681,6612,4.867,54.36,0.9131
2513,0.5183,NA,NA,10570,1.019,2945,1.136,2143,1.495,15990,2.277,51.43,0.8854
3271,0.6627,NA,NA,38380,0.6494,2903,1.161,1991,1.783,15990,2.277,47.51,0.9189
2561,0.7984,NA,NA,46120,0.648,2755,1.122,1758,1.282,11750,2.531,47.37,1.044
2837,0.6912,NA,NA,34050,0.705,2746,1.132,2420,1.305,18530,2.278,45.8,0.8418
2812,0.5768,NA,NA,12280,1.016,2837,1.492,1717,1.161,45270,1.914,52.81,0.9889
2893,0.6712,NA,NA,25150,0.8106,3589,0.9805,1937,1.656,12010000,0.5943,51.57,1.119
4471,0.5144,NA,NA,29640,0.6212,2702,1.308,1856,1.671,5159,5.961,56.36,1.119
2290,0.8124,NA,NA,30410,0.7256,3322,0.8533,1919,1.326,25780000,3.06,52.23,0.724
2232,0.6274,NA,NA,29190,0.7729,2897,1.19,1778,1.74,477000,1.81,64.35,1.006
3326,0.5583,NA,NA,45510,0.6734,2689,1.143,1616,1.348,1.728e+09,8.257,48.55,0.8187
2994,0.6271,NA,NA,37990,0.6099,2649,1.068,1760,1.583,3597000,0.8702,50.56,1.046
4202,0.5416,NA,NA,28900,0.6672,3260,1.033,1774,1.153,16240,2.036,49.57,0.8577
1784,0.6568,NA,NA,20890,0.6854,3064,1.174,1871,1.309,4577,9.3,53.6,1.183
2378,0.8001,NA,NA,51590,0.5739,3111,1.235,1935,1.197,4577,9.3,53.62,0.8671
3813,0.8088,NA,NA,18960,0.8426,2961,1.015,1883,1.338,4577,9.3,57,1.101
2588,0.8621,NA,NA,43700,0.6091,2572,1.509,1856,1.277,4577,9.3,57.6,1.019
3240,0.6851,NA,NA,12540,0.9285,2906,1.327,1923,1.47,4577,9.3,55.06,0.7924
3989,0.5241,NA,NA,20670,0.7601,2539,1.219,1774,1.28,4577,9.3,46.55,0.9052
2082,0.7417,NA,NA,68100,0.5806,2827,1.172,1787,1.32,4577,9.3,57.15,1.035
4796,0.5133,NA,NA,63110,0.5458,3090,1.045,1824,1.398,4842,8.543,51.74,0.9739
4709,0.5439,NA,NA,63610,0.6308,2292,1.387,1701,1.214,5116,8.023,44.34,0.8416
2594,0.5641,NA,NA,17150,0.8853,3120,1.101,1822,1.632,5116,8.023,45.18,1.01
2512,0.5934,NA,NA,63040,0.5358,2727,1.281,1703,1.272,5174,6.988,55.19,0.8469
2646,0.6131,NA,NA,63580,0.5293,2976,1.29,1529,1.244,757500000,7.192,50.8,0.8913
3270,0.5481,NA,NA,22410,0.9358,2602,1.603,1878,1.294,7108,7.719,54.8,0.8691
4016,0.646,NA,NA,9489,1.252,3779,1.131,1810,1.148,106700,6.759,51.27,1.012
3693,0.4553,NA,NA,14070,1.011,2777,0.9641,2024,1.303,339500,6.118,54.63,0.9317
2758,0.4866,NA,NA,16580,0.9823,3052,1.465,1763,1.461,5.608e+09,0.5118,41.93,1.035
3095,0.6231,NA,NA,67100,0.6636,3020,0.9068,1839,1.483,452100,6.776,54.79,0.9237
3364,0.5746,NA,NA,26020,0.7002,3223,0.9053,2039,1.049,20340,9.081,52.66,1.024
2382,0.776,NA,NA,24890,0.7562,2478,1.601,1513,1.546,4595,9.259,56.73,1.037
3786,0.4621,NA,NA,104500,0.5057,2740,1.21,1729,1.252,13390,7.507,56.13,0.9695
3444,0.765,NA,NA,216800,0.4305,3469,1.025,1819,1.5,560800,6.172,44.26,0.8815
2651,0.6318,NA,NA,34550,0.6433,3162,1.065,1899,1.29,151900000,9.323,51.13,0.9651
2768,0.6446,NA,NA,87320,0.5045,3317,1.156,1776,1.423,6759,4.886,68.27,0.9472
3375,0.4632,NA,NA,16130,0.9114,2914,1.114,1768,1.726,7058,4.514,49.72,0.9612
3033,0.673,NA,NA,38810,0.6302,3182,0.9513,1621,1.402,6224,4.989,51.45,0.8772
2581,0.695,NA,NA,22840,0.7495,3638,1.119,1899,1.322,6224,4.989,59.03,1.085
2552,0.6449,NA,NA,18320,0.7765,2833,2.091,1823,1.394,6761,4.315,57.91,0.9534
6890,0.4953,NA,NA,21040,0.8038,3266,1.051,1692,1.31,6761,4.315,47.93,0.8698
3030,0.5536,NA,NA,17730,0.835,2981,1.262,2058,1.203,7609,3.778,60.35,1.018
2217,0.6947,NA,NA,69610,0.6055,3211,0.9509,2027,1.37,7609,3.778,55.4,0.9759
2163,0.6711,NA,NA,79700,0.5148,2753,1.486,1854,1.466,7609,3.778,49.53,0.9789
3139,0.5613,NA,NA,47440,0.6139,2722,1.321,1805,1.577,12380,3.166,56.2,0.9145
3629,0.6274,NA,NA,33730,0.7587,2642,1.485,1968,1.559,12420,2.424,42.06,0.9189
2795,0.7039,NA,NA,58960,0.5694,3305,1.173,2042,1.484,42900,1.593,64.49,1.128
2428,0.753,NA,NA,26610,0.7306,2703,1.363,1806,1.479,425300,0.7776,48.33,0.9608
2586,0.6888,NA,NA,26810,0.7325,3446,1.136,1858,1.34,244200,0.9463,47.03,1.025
2821,0.6379,NA,NA,29010,0.6768,3777,1.497,1800,1.496,198200,6.817,48.76,1.034
3317,0.6434,NA,NA,9861,1.192,3552,1.434,1787,1.375,276100000,9.935,53.67,0.8366
2333,0.7016,NA,NA,20110,0.9417,2646,1.159,1849,1.155,156600,8.668,42.23,0.9457
2301,0.5774,NA,NA,19200,0.832,3612,0.955,1795,1.837,450000,1.647,51.46,1.071
3539,0.6576,NA,NA,20700,0.7939,3385,1.047,1564,1.416,266600,7.929,49.92,0.9909
2198,0.8122,NA,NA,11880,1.228,3222,1.037,1771,1.618,21770000,6.617,40.93,0.694
2805,0.9402,NA,NA,62270,0.5248,2776,1.449,1888,1.221,34260000,6.273,50.38,0.9803
